hate_speech,counter_narrative,cn_id,hs_type,hs_subtype,cn_type,opposition,relatedness,specificity,toxicity,fluency
"According to a recent OFSTED report, a school in Birmingham is still segregating girls and boys, despite a Hight Court ruling in 2017 that this is unlawful.","To be fair, the OFSTED report is more concerned with lack of enforcement and less about focussing on the practice of any particular faith.",ENT1ST0001HS0033CN000021,Islamophobia,crimes,facts,4,4,3,5,5
In Birmingham there is a school where girls and boys are separeted even if it isn't legal.,"To be fair, the OFSTED report is more concerned with lack of enforcement and less about focussing on the practice of any particular faith.",ENT1ST0001HS0033CN000021P1,Islamophobia,crimes,facts,4,4,3,5,5
A school in Birningham is still separating girls from boys. This information come from a Ofsted report. A high court said in 2017 that this type of action is illegal.,"To be fair, the OFSTED report is more concerned with lack of enforcement and less about focussing on the practice of any particular faith.",ENT1ST0001HS0033CN000021P2,Islamophobia,crimes,facts,3,4,2,5,5
"According to a recent OFSTED report, a school in Birmingham is still segregating girls and boys, despite a Hight Court ruling in 2017 that this is unlawful.","While this story is presented as an 'Islamic issue', the OFSTED report refers to 'countless' faith schools still that still illegally maintain gender segregation - my guess is this is a cross-faith practice and not exclusive to Islamic faith schools.",ENT1ST0001HS0033CN000022,Islamophobia,crimes,facts,4,5,4,5,5
In Birmingham there is a school where girls and boys are separeted even if it isn't legal.,"While this story is presented as an 'Islamic issue', the OFSTED report refers to 'countless' faith schools still that still illegally maintain gender segregation - my guess is this is a cross-faith practice and not exclusive to Islamic faith schools.",ENT1ST0001HS0033CN000022P1,Islamophobia,crimes,facts,4,5,4,5,5
A school in Birningham is still separating girls from boys. This information come from a Ofsted report. A high court said in 2017 that this type of action is illegal.,"While this story is presented as an 'Islamic issue', the OFSTED report refers to 'countless' faith schools still that still illegally maintain gender segregation - my guess is this is a cross-faith practice and not exclusive to Islamic faith schools.",ENT1ST0001HS0033CN000022P2,Islamophobia,crimes,facts,4,5,4,5,5
"According to a recent OFSTED report, a school in Birmingham is still segregating girls and boys, despite a Hight Court ruling in 2017 that this is unlawful.","The quoted report refers to 'countless faith schools' that illegally maintain gender segregation. Isn't it more accurate to frame this as a matter of lack of resources for enforcement, rather than presenting the story as an 'Islamic issue'?",ENT1ST0001HS0033CN000023,Islamophobia,crimes,"facts , hypocrisy",4,5,4,5,5
In Birmingham there is a school where girls and boys are separeted even if it isn't legal.,"The quoted report refers to 'countless faith schools' that illegally maintain gender segregation. Isn't it more accurate to frame this as a matter of lack of resources for enforcement, rather than presenting the story as an 'Islamic issue'?",ENT1ST0001HS0033CN000023P1,Islamophobia,crimes,"facts , hypocrisy",4,5,4,5,5
A school in Birningham is still separating girls from boys. This information come from a Ofsted report. A high court said in 2017 that this type of action is illegal.,"The quoted report refers to 'countless faith schools' that illegally maintain gender segregation. Isn't it more accurate to frame this as a matter of lack of resources for enforcement, rather than presenting the story as an 'Islamic issue'?",ENT1ST0001HS0033CN000023P2,Islamophobia,crimes,"facts , hypocrisy",4,5,4,5,5
"According to a recent OFSTED report, a school in Birmingham is still segregating girls and boys, despite a Hight Court ruling in 2017 that this is unlawful.","Gender segregation in faith schools is clearly a negative, but hardly exclusive to some Islamic schools. I was 15 before I attended mixed classes, but then, this was regarded as normal in the 1960's / 70's. The issue is really, if we are to allow faith based education, we need effective mechanisms to uphold standards, and legal requirements.",ENT1ST0001HS0033CN000024,Islamophobia,crimes,facts,4,5,4,5,5
In Birmingham there is a school where girls and boys are separeted even if it isn't legal.,"Gender segregation in faith schools is clearly a negative, but hardly exclusive to some Islamic schools. I was 15 before I attended mixed classes, but then, this was regarded as normal in the 1960's / 70's. The issue is really, if we are to allow faith based education, we need effective mechanisms to uphold standards, and legal requirements.",ENT1ST0001HS0033CN000024P1,Islamophobia,crimes,facts,4,5,4,5,5
A school in Birningham is still separating girls from boys. This information come from a Ofsted report. A high court said in 2017 that this type of action is illegal.,"Gender segregation in faith schools is clearly a negative, but hardly exclusive to some Islamic schools. I was 15 before I attended mixed classes, but then, this was regarded as normal in the 1960's / 70's. The issue is really, if we are to allow faith based education, we need effective mechanisms to uphold standards, and legal requirements.",ENT1ST0001HS0033CN000024P2,Islamophobia,crimes,facts,4,5,4,5,5
The police and politicians are covering up these Muslim grooming gangs - They are traitors to their own people!,"We need to work together to eradicate CSE once and for all. Individuals are the problem, it does not come from any religion, biased media attempting to scapegoat is being blind to the whole truth.",ENT1ST0001HS0046CN000014,Islamophobia,crimes,facts,5,5,4,5,5
Muslims grooming gangs are protected by the government and the police. This is a betrayal!,"We need to work together to eradicate CSE once and for all. Individuals are the problem, it does not come from any religion, biased media attempting to scapegoat is being blind to the whole truth.",ENT1ST0001HS0046CN000014P1,Islamophobia,crimes,facts,5,5,4,5,5
The police and the government are defending muslim gangs and they must be considered as traitors of our society.,"We need to work together to eradicate CSE once and for all. Individuals are the problem, it does not come from any religion, biased media attempting to scapegoat is being blind to the whole truth.",ENT1ST0001HS0046CN000014P2,Islamophobia,crimes,facts,4,4,3,5,4
The police and politicians are covering up these Muslim grooming gangs - They are traitors to their own people!,Grooming gangs like those in Rochdale and Huddersfield have been rightfully convicted. Does that look like police collusion to you?,ENT1ST0001HS0046CN000015,Islamophobia,crimes,facts,4,5,4,5,5
Muslims grooming gangs are protected by the government and the police. This is a betrayal!,Grooming gangs like those in Rochdale and Huddersfield have been rightfully convicted. Does that look like police collusion to you?,ENT1ST0001HS0046CN000015P1,Islamophobia,crimes,facts,4,5,4,5,5
The police and the government are defending muslim gangs and they must be considered as traitors of our society.,Grooming gangs like those in Rochdale and Huddersfield have been rightfully convicted. Does that look like police collusion to you?,ENT1ST0001HS0046CN000015P2,Islamophobia,crimes,facts,4,5,4,5,5
The police and politicians are covering up these Muslim grooming gangs - They are traitors to their own people!,No they are not - prove this?,ENT1ST0001HS0046CN000016,Islamophobia,crimes,question,4,5,1,4,4
Muslims grooming gangs are protected by the government and the police. This is a betrayal!,No they are not - prove this?,ENT1ST0001HS0046CN000016P1,Islamophobia,crimes,question,4,5,2,4,5
The police and the government are defending muslim gangs and they must be considered as traitors of our society.,No they are not - prove this?,ENT1ST0001HS0046CN000016P2,Islamophobia,crimes,question,4,5,1,5,4
The police and politicians are covering up these Muslim grooming gangs - They are traitors to their own people!,"The only cover up I remember was in the Catholic Church, but we remember that the actions of individuals do not reflect on the whole.",ENT1ST0001HS0046CN000017,Islamophobia,crimes,hypocrisy,4,3,2,5,5
Muslims grooming gangs are protected by the government and the police. This is a betrayal!,"The only cover up I remember was in the Catholic Church, but we remember that the actions of individuals do not reflect on the whole.",ENT1ST0001HS0046CN000017P1,Islamophobia,crimes,hypocrisy,4,3,2,5,5
The police and the government are defending muslim gangs and they must be considered as traitors of our society.,"The only cover up I remember was in the Catholic Church, but we remember that the actions of individuals do not reflect on the whole.",ENT1ST0001HS0046CN000017P2,Islamophobia,crimes,hypocrisy,4,2,2,5,5
The police and politicians are covering up these Muslim grooming gangs - They are traitors to their own people!,"Good job the police are so effective at catching and prosecuting non-Muslim sex-offenders and protecting their victims. Oh, wait.",ENT1ST0001HS0046CN000018,Islamophobia,crimes,humor,4,5,2,4,5
Muslims grooming gangs are protected by the government and the police. This is a betrayal!,"Good job the police are so effective at catching and prosecuting non-Muslim sex-offenders and protecting their victims. Oh, wait.",ENT1ST0001HS0046CN000018P1,Islamophobia,crimes,humor,4,5,2,4,5
The police and the government are defending muslim gangs and they must be considered as traitors of our society.,"Good job the police are so effective at catching and prosecuting non-Muslim sex-offenders and protecting their victims. Oh, wait.",ENT1ST0001HS0046CN000018P2,Islamophobia,crimes,humor,4,4,2,4,5
The police and politicians are covering up these Muslim grooming gangs - They are traitors to their own people!,The only reason these gangs exist in the first place is because they do not have an institution like the BBC or the Church to shield them.,ENT1ST0001HS0046CN000019,Islamophobia,crimes,facts,2,3,2,4,4
Muslims grooming gangs are protected by the government and the police. This is a betrayal!,The only reason these gangs exist in the first place is because they do not have an institution like the BBC or the Church to shield them.,ENT1ST0001HS0046CN000019P1,Islamophobia,crimes,facts,2,2,2,4,4
The police and the government are defending muslim gangs and they must be considered as traitors of our society.,The only reason these gangs exist in the first place is because they do not have an institution like the BBC or the Church to shield them.,ENT1ST0001HS0046CN000019P2,Islamophobia,crimes,facts,4,3,2,4,4
The police and politicians are covering up these Muslim grooming gangs - They are traitors to their own people!,The only traitors are the conspiracy theorists who spread this kind of misinformation.,ENT1ST0001HS0046CN000020,Islamophobia,crimes,denouncing,5,5,2,4,5
Muslims grooming gangs are protected by the government and the police. This is a betrayal!,The only traitors are the conspiracy theorists who spread this kind of misinformation.,ENT1ST0001HS0046CN000020P1,Islamophobia,crimes,denouncing,5,5,2,4,5
The police and the government are defending muslim gangs and they must be considered as traitors of our society.,The only traitors are the conspiracy theorists who spread this kind of misinformation.,ENT1ST0001HS0046CN000020P2,Islamophobia,crimes,denouncing,5,5,2,4,5
Shocking. 2 men are murdered in Paris by having their throats cut by some savage shouting 'Allahu Akbar' and the BBC ignore the story. Another cover up.,"The only cover up that happens in the media is of the positive stories about Muslims, extremist actions are the only ones ever highlighted.",ENT1ST0001HS0054CN000058,Islamophobia,crimes,facts,5,5,4,1,5
"Is strange that BBC hadn't reported the murder of two men in Paris, they were killed by a Muslim shouting 'Allah Akbar'.","The only cover up that happens in the media is of the positive stories about Muslims, extremist actions are the only ones ever highlighted.",ENT1ST0001HS0054CN000058P1,Islamophobia,crimes,facts,5,5,4,5,5
"The BBC is covering Muslims: in Paris there was an attack where 2 men were killed and the murderers shouted 'allahu akbar', but the BBC said nothing about this. Disgusting.","The only cover up that happens in the media is of the positive stories about Muslims, extremist actions are the only ones ever highlighted.",ENT1ST0001HS0054CN000058P2,Islamophobia,crimes,facts,5,5,4,1,4
Shocking. 2 men are murdered in Paris by having their throats cut by some savage shouting 'Allahu Akbar' and the BBC ignore the story. Another cover up.,Is this true? Where is your source?,ENT1ST0001HS0054CN000059,Islamophobia,crimes,question,4,5,2,5,5
"Is strange that BBC hadn't reported the murder of two men in Paris, they were killed by a Muslim shouting 'Allah Akbar'.",Is this true? Where is your source?,ENT1ST0001HS0054CN000059P1,Islamophobia,crimes,question,4,5,3,5,5
"The BBC is covering Muslims: in Paris there was an attack where 2 men were killed and the murderers shouted 'allahu akbar', but the BBC said nothing about this. Disgusting.",Is this true? Where is your source?,ENT1ST0001HS0054CN000059P2,Islamophobia,crimes,question,4,5,2,5,5
Shocking. 2 men are murdered in Paris by having their throats cut by some savage shouting 'Allahu Akbar' and the BBC ignore the story. Another cover up.,The BBC also neglects to report on many violent or terrorist far-right extremist and Islamophobic crimes. What is your point?,ENT1ST0001HS0054CN000060,Islamophobia,crimes,"hypocrisy , question",4,5,3,4,5
"Is strange that BBC hadn't reported the murder of two men in Paris, they were killed by a Muslim shouting 'Allah Akbar'.",The BBC also neglects to report on many violent or terrorist far-right extremist and Islamophobic crimes. What is your point?,ENT1ST0001HS0054CN000060P1,Islamophobia,crimes,"hypocrisy , question",4,5,3,4,5
"The BBC is covering Muslims: in Paris there was an attack where 2 men were killed and the murderers shouted 'allahu akbar', but the BBC said nothing about this. Disgusting.",The BBC also neglects to report on many violent or terrorist far-right extremist and Islamophobic crimes. What is your point?,ENT1ST0001HS0054CN000060P2,Islamophobia,crimes,"hypocrisy , question",4,5,3,4,5
Shocking. 2 men are murdered in Paris by having their throats cut by some savage shouting 'Allahu Akbar' and the BBC ignore the story. Another cover up.,"Mate, the media is constantly biased against Muslims and tries to make them out to be the enemy. What we hardly ever see is the many more positive stories.",ENT1ST0001HS0054CN000061,Islamophobia,crimes,facts,4,4,2,4,4
"Is strange that BBC hadn't reported the murder of two men in Paris, they were killed by a Muslim shouting 'Allah Akbar'.","Mate, the media is constantly biased against Muslims and tries to make them out to be the enemy. What we hardly ever see is the many more positive stories.",ENT1ST0001HS0054CN000061P1,Islamophobia,crimes,facts,4,3,2,5,4
"The BBC is covering Muslims: in Paris there was an attack where 2 men were killed and the murderers shouted 'allahu akbar', but the BBC said nothing about this. Disgusting.","Mate, the media is constantly biased against Muslims and tries to make them out to be the enemy. What we hardly ever see is the many more positive stories.",ENT1ST0001HS0054CN000061P2,Islamophobia,crimes,facts,4,4,2,4,4
"Only a few people were punished for yesterday violations instead of all them violent Muslims, and if the government does not deport these criminals, then the common people will take care of them.",I thought we'd stopped exporting our convicted criminals last century. Now you advocate exporting people wihtout a trial or a conviction.,ENT1ST0001HS0074CN000062,Islamophobia,crimes,"facts , hypocrisy",5,5,4,5,5
"All the Muslims should have been punished for yesterday, not only a few. Citizen will take action if the government does not do anything.",I thought we'd stopped exporting our convicted criminals last century. Now you advocate exporting people wihtout a trial or a conviction.,ENT1ST0001HS0074CN000062P1,Islamophobia,crimes,"facts , hypocrisy",4,4,3,4,5
"Muslims have committed a crime two days ago and yesterday the court did not punish all of them. All the common citizens should punish them properly, if the nation does not do anything to counter the violent Muslims.",I thought we'd stopped exporting our convicted criminals last century. Now you advocate exporting people wihtout a trial or a conviction.,ENT1ST0001HS0074CN000062P2,Islamophobia,crimes,"facts , hypocrisy",4,4,3,4,5
"Only a few people were punished for yesterday violations instead of all them violent Muslims, and if the government does not deport these criminals, then the common people will take care of them.",I think the government has a very good understanding of who should be deported and members of the public should leave this type of decisions to them?,ENT1ST0001HS0074CN000063,Islamophobia,crimes,facts,4,4,2,5,5
"All the Muslims should have been punished for yesterday, not only a few. Citizen will take action if the government does not do anything.",I think the government has a very good understanding of who should be deported and members of the public should leave this type of decisions to them?,ENT1ST0001HS0074CN000063P1,Islamophobia,crimes,facts,4,4,2,5,5
